{
  "step": {
    "mean": 243.3875272405752,
    "std": 142.32110762698568,
    "min": 1.0,
    "max": 743.0,
    "median": 239.0,
    "q10": 35.0,
    "q25": 156.0,
    "q75": 335.0,
    "q90": 399.0,
    "count": 4453834
  },
  "amount": {
    "mean": 179939.72792128756,
    "std": 601961.963289969,
    "min": 0.0,
    "max": 92445516.64,
    "median": 74822.81,
    "q10": 4498.816000000002,
    "q25": 13388.9275,
    "q75": 208651.315,
    "q90": 365379.12600000016,
    "count": 4453834
  },
  "oldbalanceOrg": {
    "mean": 834757.2564123448,
    "std": 2890121.703131612,
    "min": 0.0,
    "max": 59585040.37,
    "median": 14235.0,
    "q10": 0.0,
    "q25": 0.0,
    "q75": 107429.0,
    "q90": 1827847.3420000009,
    "count": 4453834
  },
  "newbalanceOrig": {
    "mean": 855975.6098979824,
    "std": 2925904.75631037,
    "min": 0.0,
    "max": 49585040.37,
    "median": 0.0,
    "q10": 0.0,
    "q25": 0.0,
    "q75": 144412.86,
    "q90": 1975448.7750000083,
    "count": 4453834
  },
  "oldbalanceDest": {
    "mean": 1100703.8511419324,
    "std": 3388743.366681927,
    "min": 0.0,
    "max": 356015889.35,
    "median": 132887.905,
    "q10": 0.0,
    "q25": 0.0,
    "q75": 943372.2675000001,
    "q90": 2914935.832000002,
    "count": 4453834
  },
  "newbalanceDest": {
    "mean": 1225085.2036668905,
    "std": 3663795.3848928823,
    "min": 0.0,
    "max": 356179278.92,
    "median": 214938.28999999998,
    "q10": 0.0,
    "q25": 0.0,
    "q75": 1112270.0025,
    "q90": 3194326.7880000025,
    "count": 4453834
  },
  "isFlaggedFraud": {
    "mean": 3.1433591822236754e-06,
    "std": 0.0017729495219208683,
    "min": 0.0,
    "max": 1.0,
    "median": 0.0,
    "q10": 0.0,
    "q25": 0.0,
    "q75": 0.0,
    "q90": 0.0,
    "count": 4453834
  },
  "type_CASH_OUT": {
    "mean": 0.3515905621987708,
    "std": 0.4774669516916222,
    "min": 0.0,
    "max": 1.0,
    "median": 0.0,
    "q10": 0.0,
    "q25": 0.0,
    "q75": 1.0,
    "q90": 1.0,
    "count": 4453834
  },
  "type_DEBIT": {
    "mean": 0.006502038468429672,
    "std": 0.08037265340006725,
    "min": 0.0,
    "max": 1.0,
    "median": 0.0,
    "q10": 0.0,
    "q25": 0.0,
    "q75": 0.0,
    "q90": 0.0,
    "count": 4453834
  },
  "type_PAYMENT": {
    "mean": 0.3381704392215785,
    "std": 0.4730869301826349,
    "min": 0.0,
    "max": 1.0,
    "median": 0.0,
    "q10": 0.0,
    "q25": 0.0,
    "q75": 1.0,
    "q90": 1.0,
    "count": 4453834
  },
  "type_TRANSFER": {
    "mean": 0.08375794876953205,
    "std": 0.2770244971444381,
    "min": 0.0,
    "max": 1.0,
    "median": 0.0,
    "q10": 0.0,
    "q25": 0.0,
    "q75": 0.0,
    "q90": 0.0,
    "count": 4453834
  }
}